rank_001,代码,名称,最新价,涨跌幅,托盘力,rank_002,默契度,合力分值
1,300658,延江股份,17.78,19.97,0.9970197778379839,3,418.7659052608866,4
